firstName;lastName;email;password;birthdate;firstNameUpdate;lastNameUpate
jokosusilo1;inidna2;jokosusilo1@gmail.com;mypassword1;1995-05-11;itup1 Update;inidna2 Update
jokosusilo2;inidna3;jokosusilo2@gmail.com;mypassword2;1995-05-11;itup2 Update;inidna3 Update
jokosusilo3;inidna4;jokosusilo3@gmail.com;mypassword3;1995-05-11;itup3 Update;inidna4 Update
jokosusilo4;inidna5;jokosusilo4@gmail.com;mypassword4;1995-05-11;itup4 Update;inidna5 Update
jokosusilo5;inidna6;jokosusilo5@gmail.com;mypassword5;1995-05-11;itup5 Update;inidna6 Update
jokosusilo6;inidna7;jokosusilo6@gmail.com;mypassword6;1995-05-11;itup6 Update;inidna7 Update
jokosusilo7;inidna8;jokosusilo7@gmail.com;mypassword7;1995-05-11;itup7 Update;inidna8 Update
jokosusilo8;inidna9;jokosusilo8@gmail.com;mypassword8;1995-05-11;itup8 Update;inidna9 Update
jokosusilo9;inidna10;jokosusilo9@gmail.com;mypassword9;1995-05-11;itup9 Update;inidna10 Update
jokosusilo10;inidna11;jokosusilo10@gmail.com;mypassword10;1995-05-11;itup10 Update;inidna11 Update
jokosusilo11;inidna12;jokosusilo11@gmail.com;mypassword11;1995-05-11;itup11 Update;inidna12 Update
jokosusilo12;inidna13;jokosusilo12@gmail.com;mypassword12;1995-05-11;itup12 Update;inidna13 Update
jokosusilo13;inidna14;jokosusilo13@gmail.com;mypassword13;1995-05-11;itup13 Update;inidna14 Update
jokosusilo14;inidna15;jokosusilo14@gmail.com;mypassword14;1995-05-11;itup14 Update;inidna15 Update
jokosusilo15;inidna16;jokosusilo15@gmail.com;mypassword15;1995-05-11;itup15 Update;inidna16 Update
jokosusilo16;inidna17;jokosusilo16@gmail.com;mypassword16;1995-05-11;itup16 Update;inidna17 Update
jokosusilo17;inidna18;jokosusilo17@gmail.com;mypassword17;1995-05-11;itup17 Update;inidna18 Update
jokosusilo18;inidna19;jokosusilo18@gmail.com;mypassword18;1995-05-11;itup18 Update;inidna19 Update
jokosusilo19;inidna20;jokosusilo19@gmail.com;mypassword19;1995-05-11;itup19 Update;inidna20 Update
jokosusilo20;inidna21;jokosusilo20@gmail.com;mypassword20;1995-05-11;itup20 Update;inidna21 Update
jokosusilo21;inidna22;jokosusilo21@gmail.com;mypassword21;1995-05-11;itup21 Update;inidna22 Update
jokosusilo22;inidna23;jokosusilo22@gmail.com;mypassword22;1995-05-11;itup22 Update;inidna23 Update
jokosusilo23;inidna24;jokosusilo23@gmail.com;mypassword23;1995-05-11;itup23 Update;inidna24 Update
jokosusilo24;inidna25;jokosusilo24@gmail.com;mypassword24;1995-05-11;itup24 Update;inidna25 Update
jokosusilo25;inidna26;jokosusilo25@gmail.com;mypassword25;1995-05-11;itup25 Update;inidna26 Update
jokosusilo26;inidna27;jokosusilo26@gmail.com;mypassword26;1995-05-11;itup26 Update;inidna27 Update
jokosusilo27;inidna28;jokosusilo27@gmail.com;mypassword27;1995-05-11;itup27 Update;inidna28 Update
jokosusilo28;inidna29;jokosusilo28@gmail.com;mypassword28;1995-05-11;itup28 Update;inidna29 Update
jokosusilo29;inidna30;jokosusilo29@gmail.com;mypassword29;1995-05-11;itup29 Update;inidna30 Update
jokosusilo30;inidna31;jokosusilo30@gmail.com;mypassword30;1995-05-11;itup30 Update;inidna31 Update
jokosusilo31;inidna32;jokosusilo31@gmail.com;mypassword31;1995-05-11;itup31 Update;inidna32 Update
jokosusilo32;inidna33;jokosusilo32@gmail.com;mypassword32;1995-05-11;itup32 Update;inidna33 Update
jokosusilo33;inidna34;jokosusilo33@gmail.com;mypassword33;1995-05-11;itup33 Update;inidna34 Update
jokosusilo34;inidna35;jokosusilo34@gmail.com;mypassword34;1995-05-11;itup34 Update;inidna35 Update
jokosusilo35;inidna36;jokosusilo35@gmail.com;mypassword35;1995-05-11;itup35 Update;inidna36 Update
jokosusilo36;inidna37;jokosusilo36@gmail.com;mypassword36;1995-05-11;itup36 Update;inidna37 Update
jokosusilo37;inidna38;jokosusilo37@gmail.com;mypassword37;1995-05-11;itup37 Update;inidna38 Update
jokosusilo38;inidna39;jokosusilo38@gmail.com;mypassword38;1995-05-11;itup38 Update;inidna39 Update
jokosusilo39;inidna40;jokosusilo39@gmail.com;mypassword39;1995-05-11;itup39 Update;inidna40 Update
jokosusilo40;inidna41;jokosusilo40@gmail.com;mypassword40;1995-05-11;itup40 Update;inidna41 Update
jokosusilo41;inidna42;jokosusilo41@gmail.com;mypassword41;1995-05-11;itup41 Update;inidna42 Update
jokosusilo42;inidna43;jokosusilo42@gmail.com;mypassword42;1995-05-11;itup42 Update;inidna43 Update
jokosusilo43;inidna44;jokosusilo43@gmail.com;mypassword43;1995-05-11;itup43 Update;inidna44 Update
jokosusilo44;inidna45;jokosusilo44@gmail.com;mypassword44;1995-05-11;itup44 Update;inidna45 Update
jokosusilo45;inidna46;jokosusilo45@gmail.com;mypassword45;1995-05-11;itup45 Update;inidna46 Update
jokosusilo46;inidna47;jokosusilo46@gmail.com;mypassword46;1995-05-11;itup46 Update;inidna47 Update
jokosusilo47;inidna48;jokosusilo47@gmail.com;mypassword47;1995-05-11;itup47 Update;inidna48 Update
jokosusilo48;inidna49;jokosusilo48@gmail.com;mypassword48;1995-05-11;itup48 Update;inidna49 Update
jokosusilo49;inidna50;jokosusilo49@gmail.com;mypassword49;1995-05-11;itup49 Update;inidna50 Update
jokosusilo50;inidna51;jokosusilo50@gmail.com;mypassword50;1995-05-11;itup50 Update;inidna51 Update
jokosusilo51;inidna52;jokosusilo51@gmail.com;mypassword51;1995-05-11;itup51 Update;inidna52 Update
jokosusilo52;inidna53;jokosusilo52@gmail.com;mypassword52;1995-05-11;itup52 Update;inidna53 Update
jokosusilo53;inidna54;jokosusilo53@gmail.com;mypassword53;1995-05-11;itup53 Update;inidna54 Update
jokosusilo54;inidna55;jokosusilo54@gmail.com;mypassword54;1995-05-11;itup54 Update;inidna55 Update
jokosusilo55;inidna56;jokosusilo55@gmail.com;mypassword55;1995-05-11;itup55 Update;inidna56 Update
jokosusilo56;inidna57;jokosusilo56@gmail.com;mypassword56;1995-05-11;itup56 Update;inidna57 Update
jokosusilo57;inidna58;jokosusilo57@gmail.com;mypassword57;1995-05-11;itup57 Update;inidna58 Update
jokosusilo58;inidna59;jokosusilo58@gmail.com;mypassword58;1995-05-11;itup58 Update;inidna59 Update
jokosusilo59;inidna60;jokosusilo59@gmail.com;mypassword59;1995-05-11;itup59 Update;inidna60 Update
jokosusilo60;inidna61;jokosusilo60@gmail.com;mypassword60;1995-05-11;itup60 Update;inidna61 Update
jokosusilo61;inidna62;jokosusilo61@gmail.com;mypassword61;1995-05-11;itup61 Update;inidna62 Update
jokosusilo62;inidna63;jokosusilo62@gmail.com;mypassword62;1995-05-11;itup62 Update;inidna63 Update
jokosusilo63;inidna64;jokosusilo63@gmail.com;mypassword63;1995-05-11;itup63 Update;inidna64 Update
jokosusilo64;inidna65;jokosusilo64@gmail.com;mypassword64;1995-05-11;itup64 Update;inidna65 Update
jokosusilo65;inidna66;jokosusilo65@gmail.com;mypassword65;1995-05-11;itup65 Update;inidna66 Update
jokosusilo66;inidna67;jokosusilo66@gmail.com;mypassword66;1995-05-11;itup66 Update;inidna67 Update
jokosusilo67;inidna68;jokosusilo67@gmail.com;mypassword67;1995-05-11;itup67 Update;inidna68 Update
jokosusilo68;inidna69;jokosusilo68@gmail.com;mypassword68;1995-05-11;itup68 Update;inidna69 Update
jokosusilo69;inidna70;jokosusilo69@gmail.com;mypassword69;1995-05-11;itup69 Update;inidna70 Update
jokosusilo70;inidna71;jokosusilo70@gmail.com;mypassword70;1995-05-11;itup70 Update;inidna71 Update
jokosusilo71;inidna72;jokosusilo71@gmail.com;mypassword71;1995-05-11;itup71 Update;inidna72 Update
jokosusilo72;inidna73;jokosusilo72@gmail.com;mypassword72;1995-05-11;itup72 Update;inidna73 Update
jokosusilo73;inidna74;jokosusilo73@gmail.com;mypassword73;1995-05-11;itup73 Update;inidna74 Update
jokosusilo74;inidna75;jokosusilo74@gmail.com;mypassword74;1995-05-11;itup74 Update;inidna75 Update
jokosusilo75;inidna76;jokosusilo75@gmail.com;mypassword75;1995-05-11;itup75 Update;inidna76 Update
jokosusilo76;inidna77;jokosusilo76@gmail.com;mypassword76;1995-05-11;itup76 Update;inidna77 Update
jokosusilo77;inidna78;jokosusilo77@gmail.com;mypassword77;1995-05-11;itup77 Update;inidna78 Update
jokosusilo78;inidna79;jokosusilo78@gmail.com;mypassword78;1995-05-11;itup78 Update;inidna79 Update
jokosusilo79;inidna80;jokosusilo79@gmail.com;mypassword79;1995-05-11;itup79 Update;inidna80 Update
jokosusilo80;inidna81;jokosusilo80@gmail.com;mypassword80;1995-05-11;itup80 Update;inidna81 Update
jokosusilo81;inidna82;jokosusilo81@gmail.com;mypassword81;1995-05-11;itup81 Update;inidna82 Update
jokosusilo82;inidna83;jokosusilo82@gmail.com;mypassword82;1995-05-11;itup82 Update;inidna83 Update
jokosusilo83;inidna84;jokosusilo83@gmail.com;mypassword83;1995-05-11;itup83 Update;inidna84 Update
jokosusilo84;inidna85;jokosusilo84@gmail.com;mypassword84;1995-05-11;itup84 Update;inidna85 Update
jokosusilo85;inidna86;jokosusilo85@gmail.com;mypassword85;1995-05-11;itup85 Update;inidna86 Update
jokosusilo86;inidna87;jokosusilo86@gmail.com;mypassword86;1995-05-11;itup86 Update;inidna87 Update
jokosusilo87;inidna88;jokosusilo87@gmail.com;mypassword87;1995-05-11;itup87 Update;inidna88 Update
jokosusilo88;inidna89;jokosusilo88@gmail.com;mypassword88;1995-05-11;itup88 Update;inidna89 Update
jokosusilo89;inidna90;jokosusilo89@gmail.com;mypassword89;1995-05-11;itup89 Update;inidna90 Update
jokosusilo90;inidna91;jokosusilo90@gmail.com;mypassword90;1995-05-11;itup90 Update;inidna91 Update
jokosusilo91;inidna92;jokosusilo91@gmail.com;mypassword91;1995-05-11;itup91 Update;inidna92 Update
jokosusilo92;inidna93;jokosusilo92@gmail.com;mypassword92;1995-05-11;itup92 Update;inidna93 Update
jokosusilo93;inidna94;jokosusilo93@gmail.com;mypassword93;1995-05-11;itup93 Update;inidna94 Update
jokosusilo94;inidna95;jokosusilo94@gmail.com;mypassword94;1995-05-11;itup94 Update;inidna95 Update
jokosusilo95;inidna96;jokosusilo95@gmail.com;mypassword95;1995-05-11;itup95 Update;inidna96 Update
jokosusilo96;inidna97;jokosusilo96@gmail.com;mypassword96;1995-05-11;itup96 Update;inidna97 Update
jokosusilo97;inidna98;jokosusilo97@gmail.com;mypassword97;1995-05-11;itup97 Update;inidna98 Update
jokosusilo98;inidna99;jokosusilo98@gmail.com;mypassword98;1995-05-11;itup98 Update;inidna99 Update
jokosusilo99;inidna100;jokosusilo99@gmail.com;mypassword99;1995-05-11;itup99 Update;inidna100 Update
jokosusilo100;inidna101;jokosusilo100@gmail.com;mypassword100;1995-05-11;itup99 Update;inidna100 Update